Employee_id,first_name,last_name,department,location,salary,join_date
EMP00001,Samantha,Anderson,Engineering,Los Angeles,101049,2020-01-03
EMP00002,Sarah,Patel,Sales,Chicago,87651,2015-09-18
EMP00003,Patricia,Lopez,Human Resources,Atlanta,85118,2015-08-06
EMP00004,Anna,Sanchez,Procurement,Chicago,68446,2025-01-27
EMP00005,Pamela,Scott,Quality Assurance,New York,66463,2024-06-24
EMP00006,Carol,Scott,Marketing,Denver,80059,2017-04-17
EMP00007,Barbara,Carter,Sales,Portland,82541,2020-12-06
EMP00008,Jennifer,Sanders,IT,Austin,92807,2016-10-07
EMP00009,Stephen,Nguyen,Research & Development,Portland,100601,2016-07-23
EMP00010,Jennifer,James,Human Resources,Miami,57229,2020-03-22
EMP00011,Richard,Carter,Finance,Phoenix,93909,2018-08-25
EMP00012,Melissa,Rivera,Human Resources,Los Angeles,56679,2018-11-02
EMP00013,Jonathan,Sanders,Human Resources,Boston,82294,2023-07-06
EMP00014,Paul,Brooks,Procurement,Atlanta,75252,2016-04-03
EMP00015,Sandra,Jones,Quality Assurance,Dallas,82290,2021-01-02
EMP00016,William,Ramirez,Product,Dallas,95934,2026-03-13
EMP00017,Ronald,Chavez,IT,Seattle,85359,2018-02-17
EMP00018,Ashley,Myers,Legal,Los Angeles,123077,2023-12-16
EMP00019,George,Lewis,Marketing,Minneapolis,63957,2016-01-21
EMP00020,Joseph,Martin,Research & Development,Boston,115666,2016-06-04
EMP00021,Deborah,Carter,Product,Phoenix,116676,2020-08-21
EMP00022,Stephen,Johnson,Research & Development,Austin,105486,2022-08-18
EMP00023,Joseph,Nguyen,Customer Support,Boston,71735,2015-01-27
EMP00024,Raymond,Castillo,Finance,Boston,103271,2017-05-21
EMP00025,Benjamin,Hill,Research & Development,Denver,98016,2023-05-22
EMP00026,Ruth,Lee,Legal,New York,116243,2025-12-16
EMP00027,John,Anderson,Operations,Miami,70692,2016-04-19
EMP00028,Donald,Reed,Sales,Chicago,91849,2016-07-20
EMP00029,Ruth,Morgan,Quality Assurance,Seattle,64414,2025-08-29
EMP00030,Stephen,Perez,Finance,Chicago,83880,2019-07-06
EMP00031,Catherine,Flores,Customer Support,Portland,70711,2026-08-10
EMP00032,Laura,Thomas,Human Resources,Atlanta,56196,2022-08-01
EMP00033,John,Ramos,Legal,Atlanta,109432,2015-02-28
EMP00034,Elizabeth,Price,Research & Development,San Francisco,103003,2016-07-06
EMP00035,Robert,Nelson,Sales,Atlanta,78250,2025-11-20
EMP00036,Margaret,Cooper,Marketing,Minneapolis,73925,2025-08-10
EMP00037,Edward,Harris,Sales,Austin,88249,2022-12-12
EMP00038,Jason,Evans,IT,San Francisco,74449,2016-05-11
EMP00039,Stephanie,Sanders,Operations,Austin,71295,2019-04-19
EMP00040,Matthew,Morgan,IT,Seattle,95648,2019-02-12
EMP00041,Emily,Reyes,Human Resources,Chicago,81041,2017-03-13
EMP00042,Michael,Wood,Legal,New York,101112,2020-04-20
EMP00043,Nancy,Evans,IT,Minneapolis,82008,2023-12-30
EMP00044,Linda,Perez,Customer Support,New York,67586,2020-12-12
EMP00045,Ryan,Torres,Customer Support,Minneapolis,52144,2019-04-05
EMP00046,Donna,Ramirez,Engineering,San Francisco,105552,2016-04-13
EMP00047,Michael,Howard,IT,Boston,71727,2026-05-23
EMP00048,David,White,Sales,Chicago,75414,2024-01-21
EMP00049,Jessica,Reed,Human Resources,San Francisco,57372,2024-05-27
EMP00050,Gregory,Howard,Product,Dallas,99089,2019-08-01
EMP00051,Christine,Alvarez,Operations,Atlanta,72407,2023-11-17
EMP00052,Thomas,Bennett,Research & Development,Miami,117964,2022-02-03
EMP00053,Dennis,Martinez,Engineering,Phoenix,91552,2016-08-23
EMP00054,Jonathan,Ramirez,Legal,Los Angeles,103680,2022-10-30
EMP00055,William,Young,Operations,Miami,65338,2024-10-29
EMP00056,Helen,Price,Finance,New York,89620,2017-04-28
EMP00057,Sarah,King,Sales,Austin,70187,2021-02-09
EMP00058,Andrew,Cox,Human Resources,Dallas,65342,2020-12-02
EMP00059,Nicholas,Morales,Finance,San Francisco,76048,2024-07-01
EMP00060,Emily,Garcia,Engineering,Dallas,93573,2020-11-15
EMP00061,Christopher,Patel,IT,Chicago,68633,2017-07-05
EMP00062,Elizabeth,Ruiz,Marketing,San Francisco,82196,2018-04-28
EMP00063,Sharon,Taylor,Engineering,Miami,108897,2015-11-23
EMP00064,Amanda,Clark,Research & Development,Atlanta,94736,2022-12-07
EMP00065,Maria,Bailey,Customer Support,Seattle,57514,2018-08-24
EMP00066,Daniel,Evans,Engineering,Boston,106770,2024-03-26
EMP00067,Christine,Patel,Quality Assurance,Atlanta,73485,2018-07-28
EMP00068,Rachel,Wilson,Customer Support,San Francisco,72847,2019-12-28
EMP00069,Betty,Collins,Operations,Miami,69915,2020-01-01
EMP00070,Patricia,James,Human Resources,Remote,73512,2021-04-01
EMP00071,William,Foster,Finance,Portland,103384,2023-12-19
EMP00072,Alexander,Morgan,Operations,New York,62559,2020-11-09
EMP00073,Daniel,Howard,Finance,San Francisco,77104,2024-09-29
EMP00074,Brian,Sanders,Quality Assurance,Dallas,84599,2026-06-21
EMP00075,Joseph,Roberts,Product,Denver,98693,2015-12-30
EMP00076,Patrick,Parker,Engineering,Denver,108869,2024-09-03
EMP00077,William,Bennett,Operations,Dallas,63167,2021-09-26
EMP00078,Nicholas,Flores,Research & Development,Chicago,109376,2024-01-10
EMP00079,Rachel,Nguyen,Legal,Seattle,107572,2024-06-06
EMP00080,Christine,Carter,Research & Development,Boston,107723,2024-02-09
EMP00081,Stephen,Smith,Finance,Miami,83774,2024-08-22
EMP00082,Justin,Cox,Research & Development,Dallas,118473,2024-11-28
EMP00083,Jeffrey,Gray,Human Resources,Minneapolis,63120,2016-11-25
EMP00084,Andrew,Rogers,Research & Development,Dallas,94120,2020-04-08
EMP00085,Alexander,Flores,Human Resources,Denver,61656,2015-07-20
EMP00086,Jennifer,Young,IT,Chicago,97846,2024-04-18
EMP00087,Benjamin,Kelly,Human Resources,Remote,84399,2023-12-18
EMP00088,Ashley,Jackson,Research & Development,New York,94985,2024-07-14
EMP00089,Mark,Thompson,Quality Assurance,Phoenix,59291,2020-08-03
EMP00090,Jessica,Collins,Marketing,Phoenix,92808,2022-02-12
EMP00091,Dennis,Cruz,Product,Chicago,111223,2018-07-27
EMP00092,Janet,Stewart,IT,Los Angeles,84203,2021-03-21
EMP00093,Jerry,Jimenez,Legal,Minneapolis,110679,2021-02-27
EMP00094,Jeffrey,Martinez,Procurement,Miami,69367,2021-02-03
EMP00095,Kevin,Green,Legal,Chicago,104068,2018-05-20
EMP00096,Sandra,Roberts,Procurement,Seattle,68021,2016-06-10
EMP00097,Rebecca,Evans,Operations,Phoenix,82248,2016-05-25
EMP00098,Anthony,Turner,Customer Support,New York,66928,2025-09-12
EMP00099,James,Rivera,Finance,Remote,97460,2019-12-12
EMP00100,Gary,Lewis,Finance,Chicago,101827,2015-08-26
EMP00101,Deborah,Baker,Research & Development,Remote,98816,2025-06-25
EMP00102,Thomas,Richardson,Legal,New York,120822,2015-08-11
EMP00103,David,Chavez,Customer Support,Seattle,72257,2019-01-28
EMP00104,Michael,King,Customer Support,Dallas,55871,2025-03-13
EMP00105,Dorothy,Baker,Quality Assurance,Remote,74235,2024-06-15
EMP00106,Steven,Hernandez,IT,New York,71413,2022-11-06
EMP00107,Mark,Wood,Sales,San Francisco,62033,2020-07-18
EMP00108,Betty,Williams,Product,Seattle,97633,2017-10-31
EMP00109,Jacob,Bennett,Sales,Denver,90476,2020-09-30
EMP00110,Jerry,Mitchell,Marketing,Austin,68732,2021-12-23
EMP00111,Susan,Howard,Engineering,Miami,109596,2023-11-24
EMP00112,Catherine,Sanchez,Sales,Atlanta,66678,2021-10-06
EMP00113,Debra,Kim,Quality Assurance,Austin,58691,2022-10-15
EMP00114,Jonathan,Diaz,Research & Development,Portland,92519,2026-05-07
EMP00115,Samuel,Baker,Engineering,Chicago,117125,2017-05-14
EMP00116,Sharon,Campbell,Research & Development,Phoenix,98026,2024-10-07
EMP00117,Daniel,Sanders,Legal,Los Angeles,126686,2025-06-05
EMP00118,Sharon,Sanders,Product,Los Angeles,103122,2020-07-04
EMP00119,Barbara,Scott,IT,Atlanta,98455,2023-07-02
EMP00120,Carol,Brown,IT,Dallas,79917,2025-12-08
EMP00121,Margaret,Rivera,Quality Assurance,Los Angeles,78304,2021-04-09
EMP00122,Scott,Hughes,Finance,New York,103857,2019-04-15
EMP00123,David,Walker,Procurement,Chicago,86019,2020-05-22
EMP00124,Frank,Stewart,Research & Development,Minneapolis,117371,2015-05-22
EMP00125,Barbara,Nguyen,Human Resources,Remote,67945,2021-11-13
EMP00126,Gregory,Howard,Operations,Minneapolis,89794,2022-09-17
EMP00127,Jason,Myers,Legal,Dallas,118056,2025-03-06
EMP00128,Paul,Flores,Finance,Atlanta,77907,2019-04-27
EMP00129,Kenneth,Thomas,Procurement,Boston,66552,2019-11-08
EMP00130,Jack,Morris,Finance,Miami,76588,2019-05-10
EMP00131,Donna,Robinson,Operations,Boston,74809,2015-04-26
EMP00132,Patrick,Morgan,Marketing,Los Angeles,60982,2016-03-22
EMP00133,Stephen,Nguyen,Procurement,Seattle,86170,2017-04-20
EMP00134,Mary,Kelly,Finance,Minneapolis,101373,2024-11-17
EMP00135,Carol,White,Engineering,Los Angeles,116308,2017-07-23
EMP00136,William,Phillips,IT,Chicago,71513,2018-05-27
EMP00137,Karen,Reed,Finance,Chicago,86265,2017-08-28
EMP00138,Anna,Ross,Customer Support,Atlanta,76247,2023-07-14
EMP00139,Laura,Cruz,Finance,Chicago,90013,2016-05-08
EMP00140,Brandon,Patel,Sales,Denver,73829,2020-12-07
EMP00141,Gregory,Hernandez,Marketing,Atlanta,69391,2016-09-06
EMP00142,Christopher,Smith,Customer Support,Phoenix,72796,2021-07-13
EMP00143,Robert,Robinson,Finance,Miami,99755,2016-08-06
EMP00144,Debra,Robinson,Finance,Denver,97861,2017-07-29
EMP00145,Helen,Lewis,Research & Development,Seattle,105408,2018-03-11
EMP00146,Elizabeth,Davis,Marketing,Miami,76914,2024-11-06
EMP00147,Jessica,Reyes,Procurement,Miami,80378,2021-02-08
EMP00148,Nicholas,Cooper,IT,Phoenix,73271,2015-11-23
EMP00149,Sharon,Patel,Operations,Los Angeles,56695,2017-01-18
EMP00150,Sandra,Gray,Product,New York,99662,2015-11-26
EMP00151,Ruth,Long,Marketing,Minneapolis,92010,2024-12-01
EMP00152,Emily,White,Product,Chicago,114225,2017-01-17
EMP00153,Jacob,Hall,Customer Support,Dallas,63040,2017-05-06
EMP00154,Christopher,Nelson,Customer Support,Minneapolis,60888,2023-12-25
EMP00155,Ruth,Peterson,Engineering,Phoenix,90771,2022-01-20
EMP00156,Steven,Adams,Sales,Remote,93724,2015-01-10
EMP00157,Gregory,Cooper,IT,Chicago,71552,2019-03-17
EMP00158,Eric,Campbell,Product,Minneapolis,110969,2016-02-27
EMP00159,Anthony,Wright,Legal,Seattle,113876,2024-10-29
EMP00160,Rachel,Morales,Sales,New York,75682,2018-07-21
EMP00161,Michelle,Peterson,Engineering,Chicago,91108,2020-01-15
EMP00162,Joseph,Reyes,Sales,Seattle,92661,2021-07-18
EMP00163,Shirley,Price,Finance,Chicago,101621,2025-08-04
EMP00164,Ashley,Collins,Legal,Seattle,120138,2019-04-11
EMP00165,Scott,Rogers,Procurement,Seattle,58575,2021-03-13
EMP00166,Jerry,Turner,Operations,Los Angeles,55168,2021-05-06
EMP00167,Raymond,Hill,Product,Minneapolis,91738,2025-01-06
EMP00168,Jonathan,Morris,Operations,Dallas,79720,2025-03-19
EMP00169,Dorothy,Harris,Procurement,Atlanta,79098,2020-03-28
EMP00170,Maria,Evans,Engineering,Dallas,115996,2023-07-21
EMP00171,Deborah,James,Quality Assurance,Seattle,88461,2015-10-31
EMP00172,Thomas,Cook,Product,Dallas,88577,2024-11-15
EMP00173,Richard,Ortiz,IT,New York,77447,2024-03-12
EMP00174,Katherine,Martin,Sales,Minneapolis,77368,2022-08-05
EMP00175,Emma,Ruiz,Customer Support,Chicago,63532,2023-07-11
EMP00176,Kenneth,Watson,Procurement,Minneapolis,56352,2016-07-14
EMP00177,Donald,Watson,Research & Development,Miami,102908,2017-01-10
EMP00178,Sharon,Gonzalez,Quality Assurance,Austin,85076,2018-09-24
EMP00179,Frank,Hill,Engineering,San Francisco,106258,2016-04-04
EMP00180,Donna,Rivera,Operations,Chicago,64540,2020-06-23
EMP00181,Angela,Evans,Product,Boston,93140,2018-12-05
EMP00182,David,Ward,Customer Support,Atlanta,74615,2018-03-18
EMP00183,Sandra,Reyes,Research & Development,Los Angeles,118118,2020-09-22
EMP00184,Christine,Johnson,Quality Assurance,Phoenix,74850,2018-07-18
EMP00185,Elizabeth,Cruz,Operations,Miami,82807,2020-08-10
EMP00186,Ryan,Hill,Human Resources,Remote,83667,2017-05-23
EMP00187,Donald,Carter,Product,Portland,101390,2021-08-15
EMP00188,John,James,Customer Support,Los Angeles,42530,2016-02-06
EMP00189,Nicole,Myers,IT,Miami,83081,2022-11-26
EMP00190,Mark,Brooks,Human Resources,Los Angeles,60963,2017-03-06
EMP00191,Benjamin,Chavez,Engineering,Miami,113889,2015-10-01
EMP00192,Justin,Campbell,Procurement,Seattle,59906,2021-08-14
EMP00193,Dorothy,Myers,Customer Support,Boston,55159,2017-12-18
EMP00194,Helen,Campbell,Legal,Los Angeles,105783,2020-10-06
EMP00195,Kathleen,Nguyen,Procurement,Dallas,61547,2025-07-03
EMP00196,Elizabeth,Jackson,Quality Assurance,Atlanta,82044,2023-03-16
EMP00197,Barbara,Gomez,Engineering,Los Angeles,93099,2025-03-14
EMP00198,Melissa,Gray,Procurement,Los Angeles,78970,2023-05-02
EMP00199,Susan,Gray,Human Resources,Minneapolis,53640,2022-05-11
EMP00200,Brandon,Lewis,Research & Development,Chicago,118426,2021-10-11
EMP00201,Katherine,Evans,Sales,Seattle,62971,2015-11-01
EMP00202,Joshua,Murphy,Sales,Austin,75387,2018-01-16
EMP00203,Deborah,Collins,Operations,Chicago,65126,2024-04-21
EMP00204,Katherine,Gonzalez,IT,Chicago,86333,2015-09-26
EMP00205,Frank,Mitchell,Human Resources,Phoenix,81143,2020-04-18
EMP00206,George,Gonzalez,Research & Development,Portland,111506,2016-05-11
EMP00207,Ronald,Scott,Human Resources,Austin,81800,2017-01-20
EMP00208,Gregory,Ramirez,Research & Development,New York,91314,2022-06-25
EMP00209,Ashley,Taylor,Quality Assurance,Denver,60496,2019-08-25
EMP00210,Pamela,Ramirez,Human Resources,Dallas,61670,2015-01-24
EMP00211,Emily,Jackson,Marketing,Los Angeles,69435,2017-06-19
EMP00212,Gregory,Brown,Marketing,New York,81477,2020-05-03
EMP00213,Pamela,Adams,Engineering,Boston,102391,2016-03-05
EMP00214,Thomas,Patel,Customer Support,Austin,46165,2025-09-06
EMP00215,Laura,Jimenez,Operations,Austin,84622,2026-04-20
EMP00216,Mark,Ward,Engineering,Miami,115018,2015-09-13
EMP00217,Linda,Morris,Customer Support,Chicago,49075,2025-12-30
EMP00218,Catherine,Cruz,Sales,Chicago,81109,2018-04-30
EMP00219,William,Taylor,Finance,Dallas,94962,2021-08-12
EMP00220,Ryan,Cook,Product,Chicago,88499,2017-07-26
EMP00221,Katherine,Wood,Quality Assurance,Denver,84185,2025-02-16
EMP00222,Sandra,Evans,Operations,Phoenix,81131,2024-04-30
EMP00223,Carolyn,Gonzalez,Operations,Chicago,75481,2020-09-19
EMP00224,Melissa,Martin,Research & Development,Minneapolis,92399,2017-01-17
EMP00225,David,Lopez,Customer Support,Austin,66421,2017-12-01
EMP00226,Anna,Davis,Product,Dallas,90010,2024-03-19
EMP00227,Amanda,Bennett,Quality Assurance,Chicago,59371,2021-06-14
EMP00228,Scott,Flores,Operations,Austin,88253,2019-10-09
EMP00229,Karen,James,IT,Atlanta,75092,2022-11-08
EMP00230,Anna,Mitchell,Sales,Los Angeles,74821,2024-08-16
EMP00231,Anna,Foster,Product,New York,99527,2015-08-26
EMP00232,Lisa,Wright,Procurement,Miami,76270,2022-11-15
EMP00233,James,White,Marketing,Remote,62560,2018-03-08
EMP00234,Jack,Brooks,Engineering,Chicago,119765,2019-10-29
EMP00235,Timothy,Turner,IT,Dallas,78315,2023-04-20
EMP00236,Michelle,Castillo,Operations,Chicago,58447,2018-06-28
EMP00237,Christopher,Long,Product,San Francisco,87346,2021-02-07
EMP00238,Jeffrey,James,Customer Support,Minneapolis,70969,2024-04-15
EMP00239,Paul,Ramirez,Quality Assurance,Austin,78621,2024-08-22
EMP00240,Joseph,Torres,Research & Development,Minneapolis,122533,2021-12-01
EMP00241,Jennifer,Lewis,Customer Support,San Francisco,42503,2019-08-02
EMP00242,Joshua,Ramirez,Quality Assurance,Seattle,72745,2021-06-29
EMP00243,Dorothy,Thomas,Engineering,Minneapolis,113223,2018-12-10
EMP00244,Thomas,Carter,Legal,Atlanta,127785,2022-12-11
EMP00245,Elizabeth,Gomez,Procurement,San Francisco,82588,2015-06-03
EMP00246,Ryan,Martinez,Operations,Chicago,81504,2024-05-14
EMP00247,Donna,Anderson,Customer Support,New York,63284,2018-11-08
EMP00248,Emma,Collins,Procurement,Portland,59775,2024-10-17
EMP00249,Susan,Young,Customer Support,Remote,76338,2016-10-06
EMP00250,Ronald,Flores,Procurement,Dallas,68520,2022-06-21
EMP00251,Maria,Perez,Sales,Austin,94773,2026-06-09
EMP00252,Matthew,Jimenez,Operations,Portland,64679,2020-04-19
EMP00253,Susan,Jackson,Finance,Denver,81370,2018-06-06
EMP00254,Ruth,Ross,Research & Development,Chicago,99609,2026-01-30
EMP00255,Cynthia,Long,Product,Phoenix,103181,2022-02-02
EMP00256,Karen,Cruz,Sales,Minneapolis,88980,2021-10-16
EMP00257,Emily,Ramos,Engineering,Portland,118248,2016-08-30
EMP00258,Michelle,Reyes,IT,San Francisco,71728,2023-04-09
EMP00259,Andrew,Martinez,Research & Development,Chicago,121231,2023-08-16
EMP00260,Cynthia,Howard,Legal,San Francisco,124473,2019-03-23
EMP00261,Dorothy,Cox,IT,Seattle,72054,2025-02-07
EMP00262,Susan,Baker,Procurement,Chicago,87066,2018-11-14
EMP00263,Jennifer,Young,Procurement,Phoenix,82797,2018-07-24
EMP00264,George,Mitchell,Finance,Remote,96789,2022-08-03
EMP00265,Alexander,Kim,Engineering,Dallas,89319,2022-05-24
EMP00266,Richard,Bailey,Research & Development,Remote,106621,2020-08-26
EMP00267,Raymond,James,Product,Seattle,103847,2016-10-29
EMP00268,Justin,James,Marketing,Portland,78331,2023-10-16
EMP00269,Thomas,Kim,Procurement,Chicago,74288,2023-06-13
EMP00270,Samuel,Nelson,Marketing,Chicago,85748,2026-05-28
EMP00271,George,Williams,Operations,Miami,66813,2019-10-21
EMP00272,Carol,Foster,IT,Denver,82846,2018-01-31
EMP00273,Karen,Martinez,Finance,Austin,103271,2015-11-06
EMP00274,Gregory,Baker,Quality Assurance,Seattle,80688,2018-06-17
EMP00275,Christopher,White,Procurement,Boston,82683,2015-12-24
EMP00276,Edward,Campbell,Research & Development,Atlanta,117111,2021-05-23
EMP00277,Dennis,Myers,Quality Assurance,Phoenix,71335,2020-05-13
EMP00278,Michelle,Stewart,Human Resources,Portland,80874,2025-05-10
EMP00279,Jerry,Torres,Quality Assurance,Remote,88958,2024-05-22
EMP00280,Christopher,Sanchez,Quality Assurance,Seattle,72384,2016-03-03
EMP00281,Samuel,Morris,Operations,Austin,88810,2017-10-18
EMP00282,Andrew,Hernandez,Quality Assurance,Boston,73877,2025-01-28
EMP00283,Shirley,Jackson,Customer Support,Chicago,56551,2025-02-12
EMP00284,Brian,Brown,Customer Support,San Francisco,67982,2026-04-05
EMP00285,Melissa,Walker,Customer Support,Chicago,66570,2020-01-14
EMP00286,Patricia,Green,Sales,Dallas,69571,2018-02-01
EMP00287,Robert,Torres,IT,Seattle,98743,2025-01-22
EMP00288,Brandon,Smith,Sales,New York,76772,2019-11-02
EMP00289,Karen,Peterson,Procurement,Chicago,61286,2021-06-18
EMP00290,Donald,Hill,Sales,San Francisco,75626,2024-06-01
EMP00291,Samantha,Richardson,IT,Chicago,75265,2026-03-18
EMP00292,Scott,Morgan,Engineering,Atlanta,94409,2021-07-14
EMP00293,Jason,Smith,Product,Portland,97765,2024-05-05
EMP00294,Lisa,Bennett,Research & Development,Chicago,122307,2023-02-02
EMP00295,William,Ortiz,Legal,New York,120588,2025-07-18
EMP00296,Jennifer,Brooks,Customer Support,Portland,58623,2015-05-14
EMP00297,Amanda,Rodriguez,Operations,Atlanta,61793,2022-06-16
EMP00298,Sarah,Garcia,Operations,Dallas,66474,2025-06-03
EMP00299,Rachel,Morris,Research & Development,Boston,96837,2016-05-31
EMP00300,Catherine,Jimenez,IT,San Francisco,87231,2019-07-10
EMP00301,Jennifer,Sanchez,Engineering,Dallas,105321,2026-07-24
EMP00302,Ronald,Cooper,IT,Los Angeles,70399,2019-04-15
EMP00303,Andrew,Rivera,Quality Assurance,San Francisco,77753,2021-02-16
EMP00304,Jessica,Mitchell,Customer Support,Remote,70818,2023-09-03
EMP00305,Carol,White,IT,Minneapolis,92074,2026-08-24
EMP00306,Paul,Hernandez,Procurement,Chicago,59172,2024-08-28
EMP00307,Nicole,White,Legal,Miami,116050,2017-04-20
EMP00308,David,Adams,Research & Development,Miami,108086,2024-12-31
EMP00309,Nicole,Alvarez,Customer Support,Boston,71091,2022-11-19
EMP00310,Laura,Garcia,Procurement,Portland,82504,2021-02-27
EMP00311,Samantha,Davis,Sales,Remote,83809,2026-07-05
EMP00312,Janet,Gray,Marketing,New York,67357,2024-10-29
EMP00313,Robert,Taylor,Sales,Atlanta,84007,2023-02-14
EMP00314,Deborah,Reed,Engineering,Seattle,114486,2023-04-27
EMP00315,Melissa,Cruz,Quality Assurance,Chicago,65023,2023-03-26
EMP00316,Ronald,Green,Research & Development,Los Angeles,104358,2017-07-18
EMP00317,Patricia,Patel,Marketing,Minneapolis,91930,2023-09-06
EMP00318,Anna,Thomas,Finance,Los Angeles,99246,2019-10-24
EMP00319,Brandon,Torres,Procurement,Minneapolis,67118,2017-10-01
EMP00320,Sarah,Martinez,IT,Boston,97170,2016-12-20
EMP00321,Debra,Green,Research & Development,Portland,92255,2021-07-06
EMP00322,Joshua,Lee,Procurement,Boston,77690,2026-05-30
EMP00323,Mark,Thomas,Human Resources,Seattle,67514,2026-01-30
EMP00324,Patricia,Campbell,Legal,Portland,125631,2017-11-29
EMP00325,Brandon,Lopez,Sales,Miami,86093,2025-09-26
EMP00326,Angela,Evans,Quality Assurance,Chicago,60833,2017-10-23
EMP00327,Kenneth,Chavez,Sales,Phoenix,90528,2026-08-09
EMP00328,Brian,Taylor,Quality Assurance,Boston,64456,2024-09-14
EMP00329,Nicholas,Davis,Sales,Seattle,79931,2018-09-10
EMP00330,Christopher,Adams,Procurement,Atlanta,76676,2026-08-21
EMP00331,Andrew,Hernandez,Finance,Denver,87986,2017-10-22
EMP00332,Benjamin,Hill,Product,Chicago,114936,2018-10-13
EMP00333,Pamela,Howard,Marketing,Boston,80126,2015-12-04
EMP00334,Patricia,Hernandez,Engineering,Los Angeles,98815,2024-05-05
EMP00335,Emma,Brooks,Engineering,Minneapolis,103983,2021-10-10
EMP00336,Kathleen,Young,Quality Assurance,Remote,75492,2025-03-04
EMP00337,Elizabeth,Ruiz,Engineering,Boston,113809,2024-04-27
EMP00338,Kathleen,Reyes,Human Resources,Dallas,61415,2022-01-04
EMP00339,Catherine,Green,Procurement,Portland,80130,2017-12-07
EMP00340,Ruth,Mitchell,Legal,Austin,115913,2020-06-03
EMP00341,Cynthia,Thomas,Finance,Phoenix,86247,2018-02-28
EMP00342,Richard,Miller,Finance,Remote,97402,2020-07-26
EMP00343,Christopher,Adams,Product,Dallas,94440,2018-07-29
EMP00344,Amy,Rogers,IT,Minneapolis,88220,2026-02-26
EMP00345,John,Lopez,Customer Support,Phoenix,57776,2019-10-29
EMP00346,Justin,Rivera,Engineering,San Francisco,103438,2026-02-06
EMP00347,Scott,Wood,Research & Development,Minneapolis,106726,2015-03-08
EMP00348,Susan,Parker,Marketing,Los Angeles,81971,2024-01-17
EMP00349,George,Garcia,Customer Support,San Francisco,54756,2023-02-17
EMP00350,Stephen,Torres,Sales,Remote,93046,2025-02-06
EMP00351,Ruth,Peterson,Finance,Austin,78432,2017-03-03
EMP00352,Ronald,Mitchell,Quality Assurance,Dallas,79960,2018-03-27
EMP00353,Betty,Cox,Legal,Remote,127773,2015-11-26
EMP00354,Jennifer,Jones,Marketing,Dallas,89047,2026-08-25
EMP00355,Ryan,Martin,Product,Seattle,103493,2022-02-22
EMP00356,Christopher,Gomez,Product,Miami,104044,2026-05-18
EMP00357,Shirley,Morgan,IT,Miami,99122,2015-05-17
EMP00358,Melissa,Nelson,Research & Development,Austin,115298,2021-11-25
EMP00359,Raymond,Ruiz,Research & Development,New York,119102,2020-12-15
EMP00360,Katherine,Jimenez,Product,Atlanta,85365,2025-10-10
EMP00361,Nancy,Ortiz,Research & Development,Remote,97684,2020-06-07
EMP00362,Robert,Kelly,Procurement,Austin,66503,2015-06-05
EMP00363,Jeffrey,Green,Customer Support,Seattle,69063,2019-07-29
EMP00364,Edward,Cook,Quality Assurance,Minneapolis,60081,2018-02-05
EMP00365,Eric,Clark,Legal,Dallas,126350,2023-06-14
EMP00366,Kenneth,Thompson,IT,Dallas,91218,2020-12-05
EMP00367,Brandon,Morris,Human Resources,Atlanta,70284,2021-09-11
EMP00368,Mark,Hill,Quality Assurance,Miami,69584,2025-12-19
EMP00369,Kenneth,Morris,Operations,Los Angeles,73860,2017-09-25
EMP00370,Brenda,Gray,Legal,Remote,120856,2022-09-28
EMP00371,Jerry,Jackson,Finance,San Francisco,88850,2016-10-09
EMP00372,Brian,Cruz,Research & Development,Los Angeles,119396,2019-10-19
EMP00373,Betty,Morgan,Finance,Los Angeles,78996,2017-06-13
EMP00374,Brandon,Patel,Product,Atlanta,97889,2016-02-20
EMP00375,Christine,Ortiz,Human Resources,Atlanta,55440,2017-03-31
EMP00376,Edward,Nelson,Procurement,Minneapolis,60589,2018-01-31
EMP00377,James,Peterson,Marketing,Chicago,89175,2025-09-16
EMP00378,Katherine,Sanchez,Quality Assurance,Miami,77048,2021-05-27
EMP00379,Samuel,Davis,Quality Assurance,Chicago,71218,2015-11-02
EMP00380,Daniel,Turner,Marketing,San Francisco,84017,2026-02-10
EMP00381,Lisa,Myers,Finance,San Francisco,70607,2021-09-10
EMP00382,Larry,Cox,Sales,Dallas,78649,2025-03-11
EMP00383,Samuel,Cooper,Legal,Minneapolis,103794,2026-04-23
EMP00384,Cynthia,Wright,Human Resources,Austin,73671,2018-08-24
EMP00385,Carolyn,Collins,Research & Development,Los Angeles,100202,2015-04-26
EMP00386,Jack,Baker,Quality Assurance,Miami,68659,2018-12-08
EMP00387,Brandon,Brooks,Customer Support,Chicago,75769,2022-05-10
EMP00388,Barbara,Phillips,Research & Development,Austin,100109,2018-02-25
EMP00389,Kathleen,Adams,Human Resources,New York,69090,2023-08-09
EMP00390,Donald,Edwards,Quality Assurance,Los Angeles,77602,2021-10-09
EMP00391,Justin,Castillo,Product,New York,99141,2023-01-24
EMP00392,Frank,Walker,Engineering,Austin,115500,2021-11-18
EMP00393,Christopher,Phillips,Research & Development,Miami,95694,2021-08-13
EMP00394,Melissa,Ward,Human Resources,Atlanta,60753,2025-09-22
EMP00395,Karen,Collins,Procurement,Portland,81252,2025-07-24
EMP00396,Dennis,Morgan,Quality Assurance,Denver,72217,2016-11-01
EMP00397,Angela,Edwards,Legal,Portland,100118,2017-07-08
EMP00398,Linda,Peterson,Legal,Denver,104820,2018-09-09
EMP00399,Dorothy,Gutierrez,IT,Austin,81461,2025-12-18
EMP00400,Barbara,Rogers,IT,San Francisco,97716,2017-12-16
EMP00401,Shirley,Turner,IT,San Francisco,98302,2021-11-29
EMP00402,Raymond,Williams,Customer Support,Los Angeles,42197,2019-11-21
EMP00403,Justin,Martinez,Engineering,Chicago,107579,2016-06-06
EMP00404,Helen,Davis,Sales,Minneapolis,62079,2021-06-09
EMP00405,Edward,White,Quality Assurance,Seattle,83548,2023-05-26
EMP00406,Timothy,Edwards,Customer Support,Remote,47259,2017-12-25
EMP00407,Katherine,Hall,Sales,Boston,85759,2017-11-09
EMP00408,Carolyn,Lewis,Engineering,New York,104553,2025-05-20
EMP00409,Alexander,Castillo,Legal,Chicago,129860,2023-07-05
EMP00410,Sandra,Young,IT,Portland,78166,2021-03-08
EMP00411,Matthew,Castillo,Quality Assurance,Austin,58111,2024-05-27
EMP00412,Brandon,Foster,Engineering,Atlanta,98505,2016-07-05
EMP00413,Richard,Kim,Engineering,Phoenix,88190,2020-06-27
EMP00414,Jack,Garcia,Customer Support,Phoenix,57357,2019-11-15
EMP00415,Dennis,Jimenez,Engineering,Seattle,118023,2021-06-27
EMP00416,Sandra,Sanders,Product,Dallas,103015,2020-04-24
EMP00417,Joshua,Jackson,Research & Development,Atlanta,115103,2021-09-27
EMP00418,Emily,Davis,Legal,Boston,122997,2026-02-12
EMP00419,Michael,Hall,Research & Development,Remote,122371,2022-02-24
EMP00420,Rachel,Turner,Customer Support,Seattle,61653,2023-06-11
EMP00421,Lisa,Long,Legal,Minneapolis,110792,2020-01-21
EMP00422,Joshua,Price,Marketing,Phoenix,61776,2024-04-03
EMP00423,Rebecca,Bailey,Legal,Seattle,120455,2020-06-12
EMP00424,Steven,Clark,Operations,Chicago,84477,2023-04-28
EMP00425,Barbara,Morgan,Procurement,Denver,57377,2021-01-08
EMP00426,Timothy,Gray,Product,San Francisco,86769,2019-03-22
EMP00427,Ruth,Ramos,Procurement,Denver,85417,2019-09-08
EMP00428,Kevin,Hill,Engineering,Denver,97453,2017-08-19
EMP00429,Janet,Long,IT,Atlanta,81402,2023-11-24
EMP00430,Donald,Peterson,Operations,Miami,79947,2025-06-16
EMP00431,Jonathan,Wood,Operations,Miami,72141,2023-01-25
EMP00432,Shirley,Murphy,IT,Austin,98768,2022-03-08
EMP00433,Anthony,Mitchell,Operations,Chicago,57996,2019-12-18
EMP00434,Jack,Jackson,Engineering,Los Angeles,112366,2021-08-15
EMP00435,Karen,Sanchez,Operations,Atlanta,79893,2020-07-06
EMP00436,Amy,Peterson,Research & Development,Dallas,104864,2025-12-16
EMP00437,Raymond,Chavez,Procurement,Minneapolis,84200,2018-10-10
EMP00438,Carolyn,Rivera,Marketing,Seattle,90002,2019-02-16
EMP00439,Helen,Chavez,Engineering,San Francisco,89871,2016-02-02
EMP00440,Ruth,Smith,Customer Support,Seattle,57167,2016-07-10
EMP00441,Patrick,Martin,Engineering,Denver,118143,2025-03-24
EMP00442,Melissa,Davis,Product,Minneapolis,113972,2015-05-09
EMP00443,James,Morgan,Legal,Chicago,95776,2015-05-18
EMP00444,Angela,Castillo,Finance,Miami,71123,2026-04-07
EMP00445,Rachel,Gray,Customer Support,Boston,49013,2017-02-28
EMP00446,Angela,Martin,Human Resources,Denver,86501,2020-08-29
EMP00447,Amanda,Wright,Quality Assurance,Remote,61178,2023-05-15
EMP00448,Stephanie,Collins,Product,Atlanta,96801,2021-09-23
EMP00449,Debra,Hernandez,Research & Development,San Francisco,94127,2024-02-03
EMP00450,Timothy,Carter,Legal,Minneapolis,98677,2015-03-19
EMP00451,Rachel,Perez,Sales,Minneapolis,88436,2022-06-06
EMP00452,Larry,Gonzalez,Legal,San Francisco,110057,2019-09-28
EMP00453,Frank,Reed,IT,Los Angeles,71051,2016-09-01
EMP00454,Debra,Scott,Legal,San Francisco,106754,2022-01-20
EMP00455,John,Clark,Product,Seattle,108102,2016-09-22
EMP00456,Joshua,Lee,Product,Atlanta,107503,2022-06-10
EMP00457,Deborah,Long,Procurement,Seattle,59139,2026-03-26
EMP00458,Janet,Hall,Engineering,Austin,113645,2020-03-16
EMP00459,Elizabeth,Baker,Product,Remote,103389,2015-08-31
EMP00460,Samantha,Wright,Quality Assurance,Phoenix,88152,2020-02-12
EMP00461,Amanda,Peterson,Customer Support,Chicago,54172,2023-07-11
EMP00462,David,Foster,Product,Miami,98151,2016-08-25
EMP00463,David,Wright,Marketing,Remote,68110,2023-09-27
EMP00464,Kenneth,Campbell,Sales,Chicago,60340,2021-11-30
EMP00465,Jeffrey,Campbell,Quality Assurance,Los Angeles,62699,2017-12-21
EMP00466,Barbara,White,Customer Support,Phoenix,75583,2024-02-25
EMP00467,Susan,Brown,Sales,Portland,66099,2022-04-11
EMP00468,Deborah,Johnson,Finance,Chicago,95414,2016-11-24
EMP00469,Raymond,Bailey,Human Resources,Boston,76951,2018-10-20
EMP00470,Sarah,Wright,Finance,Los Angeles,102317,2018-04-10
EMP00471,William,Perez,Customer Support,Los Angeles,69597,2021-09-21
EMP00472,Kathleen,Martinez,Operations,Los Angeles,71160,2026-02-13
EMP00473,Scott,Ward,Human Resources,Phoenix,59010,2018-01-14
EMP00474,Joshua,Smith,Customer Support,Dallas,66896,2022-05-23
EMP00475,Jeffrey,Nelson,Customer Support,Seattle,61689,2022-03-11
EMP00476,Nicole,Ruiz,Human Resources,Minneapolis,72590,2018-12-26
EMP00477,Ronald,Green,Finance,Minneapolis,85887,2022-04-23
EMP00478,Timothy,Scott,Quality Assurance,Remote,79921,2017-07-21
EMP00479,Larry,Sanchez,Product,Boston,83763,2025-05-09
EMP00480,Patrick,Clark,IT,Miami,72532,2024-03-05
EMP00481,Alexander,Murphy,Marketing,Miami,73861,2020-08-31
EMP00482,Gregory,Martin,Procurement,Chicago,78706,2016-08-28
EMP00483,Laura,Kim,IT,Remote,101201,2024-05-19
EMP00484,Helen,Jones,Quality Assurance,Portland,61569,2017-06-14
EMP00485,Jerry,Young,Research & Development,Portland,98901,2015-12-29
EMP00486,Larry,Chavez,Research & Development,Remote,109731,2024-08-27
EMP00487,Susan,Johnson,Sales,Los Angeles,74549,2026-06-15
EMP00488,Janet,Gutierrez,Legal,Atlanta,124214,2023-05-23
EMP00489,Ronald,Reyes,Quality Assurance,Seattle,78607,2015-07-21
EMP00490,Kathleen,Wilson,Finance,Chicago,75626,2017-08-08
EMP00491,Carolyn,Jackson,Operations,Miami,77483,2025-03-19
EMP00492,Anthony,Gutierrez,IT,Portland,99205,2017-03-10
EMP00493,Jeffrey,Castillo,Procurement,Phoenix,74900,2016-07-04
EMP00494,Joshua,Garcia,Quality Assurance,Austin,57480,2022-09-11
EMP00495,Samuel,Wilson,Research & Development,Boston,103985,2026-07-29
EMP00496,Daniel,Peterson,Marketing,Dallas,85942,2025-05-13
EMP00497,Sandra,Phillips,Research & Development,Boston,100215,2024-09-10
EMP00498,Ronald,Brown,Procurement,Denver,83463,2024-08-19
EMP00499,Deborah,Smith,Procurement,Denver,67486,2021-03-30
EMP00500,Dennis,Price,Quality Assurance,Chicago,62668,2019-03-12
EMP00501,George,Adams,Human Resources,Phoenix,59468,2020-11-19
EMP00502,Christine,Morales,Legal,Dallas,120469,2023-10-21
EMP00503,Pamela,Anderson,Operations,Portland,85006,2018-11-14
EMP00504,Alexander,Price,Quality Assurance,Miami,61554,2018-01-02
EMP00505,Kenneth,Thomas,Human Resources,Miami,59664,2019-02-08
EMP00506,Melissa,Ruiz,Marketing,Remote,85409,2018-02-03
EMP00507,Brenda,Roberts,Customer Support,Boston,73894,2018-11-20
EMP00508,Anna,Perez,IT,Miami,77194,2019-03-13
EMP00509,Kenneth,Edwards,Product,San Francisco,105529,2015-03-20
EMP00510,Gary,Moore,Human Resources,Remote,85124,2026-02-06
EMP00511,Edward,Mendoza,IT,Chicago,97088,2025-12-17
EMP00512,Nancy,Hernandez,Product,New York,96452,2021-07-20
EMP00513,Robert,Scott,Human Resources,Miami,63023,2025-04-04
EMP00514,Larry,Myers,Quality Assurance,Minneapolis,89476,2017-07-16
EMP00515,Brenda,Anderson,Finance,Portland,72726,2024-11-24
EMP00516,Helen,Ramirez,Customer Support,Austin,58222,2021-09-04
EMP00517,Robert,Edwards,Finance,Portland,75700,2024-11-05
EMP00518,Jessica,Jimenez,Quality Assurance,Atlanta,69754,2022-11-12
EMP00519,Patrick,Ward,Research & Development,Chicago,98877,2018-02-14
EMP00520,Anthony,Clark,Quality Assurance,San Francisco,78991,2021-04-21
EMP00521,Scott,Morgan,Marketing,Dallas,77178,2021-06-28
EMP00522,Brenda,Wright,Legal,Austin,103885,2024-03-25
EMP00523,Linda,Scott,Research & Development,Seattle,96696,2020-08-07
EMP00524,Charles,Alvarez,Operations,Atlanta,80736,2025-12-23
EMP00525,Charles,Kelly,Research & Development,Los Angeles,115146,2023-06-01
EMP00526,Laura,Martinez,Research & Development,Chicago,114401,2026-07-25
EMP00527,Janet,Scott,Procurement,Portland,83798,2025-12-12
EMP00528,Dorothy,Howard,Engineering,Chicago,115044,2023-01-13
EMP00529,William,Morgan,Customer Support,Denver,70157,2019-10-02
EMP00530,Amy,Wright,Operations,Miami,77135,2017-12-05
EMP00531,Larry,Morales,Quality Assurance,Dallas,59172,2016-01-12
EMP00532,Richard,Watson,Quality Assurance,Phoenix,57067,2017-10-14
EMP00533,Christopher,Cruz,IT,New York,96036,2019-07-16
EMP00534,Frank,Taylor,Research & Development,Miami,98418,2021-02-22
EMP00535,Barbara,Wood,Operations,Los Angeles,60401,2023-05-05
EMP00536,Christine,Wood,Marketing,San Francisco,83974,2021-11-07
EMP00537,Raymond,Hughes,Quality Assurance,Atlanta,84130,2017-01-17
EMP00538,Patrick,Gonzalez,Engineering,Denver,116248,2016-09-30
EMP00539,Thomas,Ramos,Human Resources,Phoenix,52608,2015-03-08
EMP00540,Rachel,Baker,Sales,Chicago,68662,2025-09-18
EMP00541,Elizabeth,Robinson,Customer Support,Chicago,48712,2017-04-25
EMP00542,Kenneth,Mitchell,Finance,Seattle,95082,2017-12-26
EMP00543,Samuel,Gray,Marketing,Chicago,92767,2015-03-11
EMP00544,Brandon,Wood,Marketing,Phoenix,81015,2019-10-12
EMP00545,Benjamin,Myers,Marketing,Chicago,86992,2019-11-15
EMP00546,Barbara,Gonzalez,Marketing,Austin,83167,2022-11-19
EMP00547,Jason,Green,Quality Assurance,Seattle,72238,2021-03-18
EMP00548,Samuel,Hernandez,Human Resources,Miami,53757,2021-10-07
EMP00549,Anthony,Gutierrez,Product,Denver,107673,2021-08-18
EMP00550,Samuel,Miller,Quality Assurance,Atlanta,88432,2023-08-28
EMP00551,Joseph,Walker,IT,Chicago,102621,2015-04-09
EMP00552,George,Green,Marketing,Remote,85581,2023-03-13
EMP00553,Helen,Mendoza,Marketing,Minneapolis,62783,2015-05-17
EMP00554,Pamela,Rodriguez,Engineering,Los Angeles,99138,2015-11-23
EMP00555,Linda,Gomez,Legal,Miami,127836,2024-04-26
EMP00556,Jason,Hughes,Customer Support,Chicago,52006,2021-03-23
EMP00557,David,Flores,Sales,Denver,70182,2022-04-30
EMP00558,Ronald,Ramos,Research & Development,Chicago,108327,2024-10-23
EMP00559,Carolyn,Walker,Engineering,Atlanta,90650,2024-09-29
EMP00560,Joseph,Collins,Product,San Francisco,102269,2018-12-09
EMP00561,Jessica,Johnson,Procurement,Seattle,54743,2018-09-04
EMP00562,Amy,Hall,Legal,Los Angeles,105942,2023-05-05
EMP00563,Thomas,Myers,Quality Assurance,Los Angeles,63736,2015-08-29
EMP00564,Kevin,Diaz,Finance,Chicago,87232,2016-09-23
EMP00565,Amy,Collins,Legal,Portland,98633,2026-03-16
EMP00566,Larry,Perez,Operations,Boston,71719,2017-04-22
EMP00567,Brenda,Gray,Procurement,Austin,68968,2026-05-31
EMP00568,James,Garcia,Engineering,Atlanta,88013,2025-07-31
EMP00569,George,Roberts,Marketing,Boston,60317,2024-05-28
EMP00570,Mark,Adams,Human Resources,Chicago,72967,2021-01-31
EMP00571,Elizabeth,Kelly,Operations,Austin,87901,2016-03-07
EMP00572,Daniel,Lewis,Quality Assurance,San Francisco,82275,2016-07-18
EMP00573,Cynthia,Torres,Quality Assurance,Miami,77449,2016-12-08
EMP00574,Stephen,Collins,Engineering,Portland,98151,2021-07-16
EMP00575,Larry,Hill,Procurement,Atlanta,84403,2023-04-05
EMP00576,Pamela,Murphy,Quality Assurance,Denver,72064,2018-05-18
EMP00577,James,Evans,Engineering,Atlanta,107703,2015-03-20
EMP00578,Kevin,Smith,Quality Assurance,Remote,76153,2017-05-01
EMP00579,Anthony,Ortiz,Human Resources,Chicago,84245,2016-05-05
EMP00580,Charles,Alvarez,Finance,Chicago,72877,2020-03-11
EMP00581,Eric,Evans,Procurement,Portland,84045,2016-11-26
EMP00582,Justin,Gonzalez,Legal,Seattle,120844,2016-09-05
EMP00583,Pamela,Reed,Engineering,Chicago,93566,2020-04-23
EMP00584,Donna,King,Operations,Remote,76381,2022-02-18
EMP00585,Laura,Wright,Human Resources,Chicago,65284,2018-01-20
EMP00586,Maria,Foster,Product,Austin,92184,2017-05-15
EMP00587,Nancy,Edwards,IT,Dallas,94641,2017-09-16
EMP00588,Jonathan,Rivera,Quality Assurance,Denver,85616,2021-11-30
EMP00589,Cynthia,King,Sales,Chicago,70329,2021-10-28
EMP00590,Patrick,Hughes,Product,San Francisco,96091,2022-05-09
EMP00591,Charles,Lopez,Procurement,Atlanta,77313,2023-11-21
EMP00592,Shirley,Miller,Research & Development,Miami,105050,2018-11-25
EMP00593,Patricia,Phillips,IT,Atlanta,74207,2025-05-13
EMP00594,Susan,Moore,Sales,New York,64041,2019-12-26
EMP00595,Thomas,Sanchez,Customer Support,Portland,47507,2020-10-21
EMP00596,Elizabeth,Williams,Sales,Denver,89060,2017-11-21
EMP00597,Barbara,Nelson,Sales,San Francisco,90211,2016-02-19
EMP00598,Nancy,Kelly,Customer Support,Remote,74514,2015-08-30
EMP00599,Timothy,Mendoza,Customer Support,Boston,65196,2019-10-25
EMP00600,Lisa,Scott,Finance,Phoenix,79740,2015-10-11
EMP00601,Brandon,Richardson,Product,Atlanta,101340,2026-03-10
EMP00602,Edward,Peterson,IT,San Francisco,73748,2021-04-10
EMP00603,Deborah,Moore,Customer Support,Denver,76459,2020-08-03
EMP00604,Benjamin,Cooper,Quality Assurance,New York,81067,2023-01-20
EMP00605,Kathleen,Cooper,Quality Assurance,Minneapolis,78546,2026-04-08
EMP00606,Dorothy,Roberts,Finance,Boston,71708,2022-02-25
EMP00607,Scott,Lewis,Engineering,Los Angeles,88839,2025-07-31
EMP00608,Angela,Rivera,Quality Assurance,Atlanta,66461,2017-03-31
EMP00609,Ashley,James,Human Resources,Los Angeles,86975,2016-04-03
EMP00610,Ruth,Lewis,Product,Remote,105252,2018-11-24
EMP00611,Daniel,Walker,Product,Dallas,105513,2015-08-20
EMP00612,Patrick,Hughes,Operations,Seattle,67336,2026-01-15
EMP00613,Helen,Flores,Marketing,Minneapolis,60487,2017-01-09
EMP00614,Linda,Robinson,Product,Atlanta,83306,2025-09-20
EMP00615,James,Nelson,Product,Denver,90551,2022-08-23
EMP00616,Catherine,Thompson,Quality Assurance,Dallas,59903,2015-06-29
EMP00617,Charles,Ramos,Procurement,Seattle,61269,2023-03-09
EMP00618,Elizabeth,Mitchell,Procurement,Remote,60621,2022-07-20
EMP00619,Joshua,Adams,Marketing,Boston,86630,2025-12-05
EMP00620,Katherine,Green,Marketing,Portland,72630,2018-12-07
EMP00621,Timothy,Flores,Procurement,Miami,62345,2018-12-26
EMP00622,Carolyn,Smith,Procurement,Remote,56122,2019-01-31
EMP00623,Nicole,Green,Quality Assurance,Atlanta,62822,2026-02-16
EMP00624,Charles,Nelson,Procurement,Chicago,69597,2022-10-12
EMP00625,Kenneth,Perez,Research & Development,Chicago,110003,2025-01-06
EMP00626,Mary,King,Human Resources,Atlanta,56442,2022-11-11
EMP00627,Steven,Wilson,Procurement,New York,57155,2023-08-28
EMP00628,Jeffrey,Sanders,Customer Support,Boston,69133,2026-01-22
EMP00629,Timothy,Hall,Legal,Remote,101647,2025-10-02
EMP00630,Brenda,Wood,Quality Assurance,Atlanta,66659,2025-02-13
EMP00631,Elizabeth,Jones,Finance,New York,90887,2020-11-09
EMP00632,Susan,Martinez,Operations,Boston,79606,2018-08-11
EMP00633,Carolyn,Martinez,Legal,Chicago,117147,2025-10-29
EMP00634,Patrick,Brown,Customer Support,Boston,70455,2018-07-10
EMP00635,Michael,Gonzalez,Operations,Denver,67450,2024-03-06
EMP00636,Rachel,Peterson,Procurement,Los Angeles,72449,2021-09-02
EMP00637,Donald,Gonzalez,Engineering,Remote,117174,2018-06-12
EMP00638,Michael,Campbell,Engineering,Chicago,90742,2021-08-09
EMP00639,Gregory,Watson,Product,Minneapolis,95085,2017-03-05
EMP00640,Patricia,Clark,Marketing,Miami,63369,2025-08-15
EMP00641,Joseph,Flores,Quality Assurance,Remote,86863,2025-12-20
EMP00642,Gregory,King,Sales,Remote,72116,2023-04-28
EMP00643,Timothy,Mitchell,Marketing,Phoenix,60924,2020-11-26
EMP00644,Jeffrey,Reyes,Finance,Atlanta,87600,2016-05-19
EMP00645,Karen,Long,Procurement,Austin,59616,2022-09-17
EMP00646,Helen,Evans,Quality Assurance,Atlanta,59996,2023-09-07
EMP00647,Eric,Turner,Legal,Minneapolis,110443,2025-09-06
EMP00648,Joshua,Hernandez,Customer Support,San Francisco,74905,2026-08-04
EMP00649,Brenda,Gray,Product,Seattle,89882,2025-01-26
EMP00650,Daniel,Perez,Human Resources,Denver,60269,2015-12-16
EMP00651,Jason,Hernandez,Research & Development,Chicago,101232,2018-04-26
EMP00652,Scott,King,Operations,Chicago,60703,2023-09-15
EMP00653,Anna,Gomez,Legal,Dallas,113101,2025-04-11
EMP00654,Mary,Hughes,Product,Chicago,89374,2024-04-18
EMP00655,Karen,Jackson,Product,Austin,88922,2017-04-07
EMP00656,Andrew,Morgan,Operations,Chicago,72310,2023-08-04
EMP00657,Katherine,Morales,Product,Minneapolis,84455,2018-11-11
EMP00658,Emily,Phillips,Marketing,Remote,60541,2023-11-17
EMP00659,Kevin,Ruiz,Human Resources,San Francisco,83143,2021-01-09
EMP00660,Melissa,Williams,Operations,Miami,75378,2021-04-15
EMP00661,Gary,Hughes,Research & Development,Austin,102939,2018-01-05
EMP00662,Joshua,Myers,IT,Dallas,85656,2024-05-07
EMP00663,Nicole,Chavez,Sales,Denver,88948,2019-09-28
EMP00664,Edward,Patel,IT,Portland,71683,2026-07-23
EMP00665,Christopher,Rodriguez,Finance,Remote,78889,2015-08-26
EMP00666,Daniel,Harris,Human Resources,San Francisco,68350,2015-09-28
EMP00667,Ryan,Miller,Operations,Denver,72955,2023-04-06
EMP00668,Cynthia,Cook,Customer Support,Austin,44002,2020-06-04
EMP00669,Melissa,Morales,Product,Phoenix,93638,2025-08-23
EMP00670,Pamela,Peterson,Operations,Portland,65716,2020-10-19
EMP00671,Janet,Ruiz,Sales,Miami,61798,2023-09-02
EMP00672,Michael,Lee,Product,Denver,96506,2020-01-19
EMP00673,Alexander,Clark,Finance,Chicago,103638,2015-06-14
EMP00674,Maria,Foster,Research & Development,New York,119070,2017-12-19
EMP00675,Samuel,Thompson,Product,New York,96664,2020-08-29
EMP00676,Nicole,Flores,Procurement,Los Angeles,81774,2023-06-12
EMP00677,Brian,Collins,Finance,Denver,100585,2021-10-11
EMP00678,Alexander,Gutierrez,Product,Remote,88705,2015-03-02
EMP00679,Shirley,James,Operations,Miami,74560,2017-06-04
EMP00680,Kathleen,Rodriguez,Operations,Los Angeles,76308,2021-03-18
EMP00681,Kimberly,Wood,Procurement,Miami,66344,2018-05-13
EMP00682,Eric,Ross,Human Resources,San Francisco,78482,2022-03-03
EMP00683,Debra,Moore,Procurement,New York,86595,2021-08-18
EMP00684,Kimberly,Turner,Customer Support,Remote,44314,2019-04-05
EMP00685,Carol,Castillo,Procurement,Atlanta,85177,2023-01-15
EMP00686,Nicholas,Hill,Marketing,Boston,77253,2017-03-10
EMP00687,Jacob,Taylor,Procurement,Los Angeles,65997,2022-07-12
EMP00688,Katherine,Lopez,Human Resources,Portland,66636,2021-11-20
EMP00689,Rebecca,Nelson,Operations,Los Angeles,74270,2025-05-27
EMP00690,Jessica,Stewart,Engineering,Chicago,115947,2019-05-13
EMP00691,Nicholas,Thomas,Research & Development,Remote,122723,2021-09-10
EMP00692,Edward,Miller,Marketing,Seattle,71126,2022-09-08
EMP00693,Edward,Reed,IT,Seattle,88734,2019-01-17
EMP00694,Maria,Hernandez,IT,Dallas,79588,2022-01-11
EMP00695,Samantha,Davis,Engineering,Phoenix,102925,2019-09-12
EMP00696,Ruth,Jimenez,Marketing,Boston,90084,2016-12-22
EMP00697,Thomas,Ward,Customer Support,Chicago,68436,2024-08-15
EMP00698,Kathleen,Roberts,Engineering,San Francisco,119981,2019-06-22
EMP00699,Carolyn,Mitchell,Engineering,Dallas,119801,2019-04-11
EMP00700,John,Gray,Engineering,Atlanta,99828,2022-09-21
EMP00701,Michelle,Taylor,Sales,Remote,92986,2021-11-12
EMP00702,Nancy,Rodriguez,Engineering,Miami,104059,2025-03-23
EMP00703,Carolyn,Gutierrez,Product,Dallas,110420,2018-01-01
EMP00704,Carol,Morales,Operations,Denver,65805,2024-01-18
EMP00705,John,Robinson,Human Resources,Seattle,65840,2015-06-29
EMP00706,Pamela,Cook,Marketing,Austin,82024,2015-11-03
EMP00707,Timothy,Brooks,Finance,San Francisco,73143,2017-06-04
EMP00708,Katherine,Williams,Engineering,Austin,112313,2024-12-18
EMP00709,Timothy,Thomas,Legal,Los Angeles,126090,2018-06-08
EMP00710,Anthony,Ruiz,Research & Development,New York,107733,2024-06-09
EMP00711,Gregory,Gonzalez,Research & Development,Los Angeles,96989,2024-05-24
EMP00712,Susan,Rogers,Procurement,Austin,72527,2017-07-22
EMP00713,Susan,Murphy,Human Resources,Denver,69235,2019-07-11
EMP00714,Amanda,Price,Customer Support,Miami,52510,2015-11-19
EMP00715,Stephen,Murphy,Human Resources,Minneapolis,73666,2020-04-05
EMP00716,James,Johnson,Research & Development,Chicago,95237,2026-01-30
EMP00717,Karen,Lopez,Quality Assurance,Chicago,62638,2020-09-27
EMP00718,Samuel,Robinson,IT,Miami,85309,2025-05-31
EMP00719,Michael,Gonzalez,Marketing,San Francisco,77042,2023-01-29
EMP00720,Alexander,Green,Customer Support,Austin,48225,2016-01-11
EMP00721,Mary,Moore,Research & Development,Boston,109539,2023-01-07
EMP00722,Jeffrey,Richardson,Finance,Chicago,94420,2022-09-08
EMP00723,Lisa,Anderson,Customer Support,Remote,71919,2021-02-04
EMP00724,Deborah,Ruiz,IT,Chicago,78930,2017-07-15
EMP00725,Thomas,Hughes,Procurement,San Francisco,64446,2017-04-29
EMP00726,Rebecca,Ramos,IT,Phoenix,79879,2023-07-08
EMP00727,Maria,Rivera,Product,New York,90562,2025-11-01
EMP00728,Gary,Anderson,Customer Support,Phoenix,45012,2016-06-02
EMP00729,Kimberly,Wood,Operations,New York,89394,2020-01-09
EMP00730,Christine,Baker,Legal,Austin,123367,2020-07-29
EMP00731,Kathleen,Hall,Research & Development,Remote,97742,2016-03-23
EMP00732,Mary,Chavez,Marketing,Minneapolis,90495,2018-09-16
EMP00733,Elizabeth,Long,IT,Dallas,83787,2022-06-03
EMP00734,Emily,Miller,Legal,Atlanta,119814,2024-01-17
EMP00735,Donald,Hernandez,IT,Phoenix,97366,2016-12-22
EMP00736,Amy,Edwards,Operations,Austin,87595,2015-05-26
EMP00737,Susan,Phillips,Customer Support,San Francisco,42011,2017-01-14
EMP00738,Nicole,Richardson,Research & Development,Miami,121314,2019-08-22
EMP00739,Katherine,Bennett,IT,Dallas,91812,2016-03-20
EMP00740,Mark,Collins,Operations,Minneapolis,78808,2025-02-24
EMP00741,Joseph,Gonzalez,Quality Assurance,Atlanta,56143,2022-08-28
EMP00742,Amanda,Brooks,Quality Assurance,Miami,90208,2023-05-21
EMP00743,Rachel,Wilson,Engineering,Boston,117271,2018-02-24
EMP00744,Catherine,Myers,Procurement,Chicago,61009,2020-09-14
EMP00745,Brandon,Sanchez,Human Resources,Austin,77748,2019-11-02
EMP00746,Ryan,Harris,Procurement,Dallas,61062,2024-04-18
EMP00747,Jennifer,Brooks,Research & Development,Austin,117524,2025-04-04
EMP00748,Gregory,Ramos,Legal,Seattle,127691,2015-02-05
EMP00749,Angela,Patel,Engineering,Chicago,116649,2026-05-27
EMP00750,Maria,Thompson,Procurement,Boston,62413,2017-04-28
EMP00751,Deborah,James,Product,Dallas,115037,2023-08-18
EMP00752,Rebecca,Cox,Procurement,Atlanta,71930,2023-12-04
EMP00753,Carol,Nguyen,IT,Seattle,77055,2024-04-04
EMP00754,Nicole,Hughes,Procurement,Miami,74572,2019-11-16
EMP00755,Betty,Clark,Product,Miami,104629,2017-12-22
EMP00756,Patrick,Wood,Marketing,Dallas,65563,2022-11-25
EMP00757,Anna,Morris,Product,Chicago,116989,2021-05-31
EMP00758,Jason,Johnson,Legal,Austin,96656,2023-07-18
EMP00759,Charles,Miller,Research & Development,San Francisco,101100,2020-12-27
EMP00760,Dennis,Lee,Finance,Los Angeles,79596,2016-05-23
EMP00761,Frank,Nguyen,Human Resources,San Francisco,75506,2025-02-24
EMP00762,Susan,Ward,Research & Development,Atlanta,113486,2020-04-30
EMP00763,Shirley,Hughes,Finance,San Francisco,95007,2023-09-10
EMP00764,Rebecca,Mendoza,Operations,San Francisco,55849,2020-08-20
EMP00765,Betty,Richardson,Quality Assurance,Phoenix,70781,2023-04-01
EMP00766,Dennis,Ramos,Legal,Denver,107681,2021-08-06
EMP00767,Laura,Thompson,Research & Development,Chicago,100253,2018-11-24
EMP00768,Jack,Rogers,Sales,Remote,62663,2024-08-11
EMP00769,Emily,Bailey,Finance,Seattle,80546,2020-09-20
EMP00770,James,Nelson,IT,Seattle,70617,2018-06-13
EMP00771,Dorothy,Kim,Engineering,Miami,117148,2023-01-12
EMP00772,Elizabeth,Price,Operations,Atlanta,67050,2016-07-12
EMP00773,Nicholas,Lee,Customer Support,Remote,48025,2022-11-02
EMP00774,Mark,Ramirez,Research & Development,Dallas,109696,2023-02-03
EMP00775,Donna,Ramirez,Quality Assurance,Minneapolis,56576,2017-07-28
EMP00776,Christine,Hall,IT,Atlanta,83979,2015-11-23
EMP00777,Debra,Adams,Customer Support,Austin,67288,2020-10-02
EMP00778,Helen,Castillo,Finance,New York,103873,2023-05-30
EMP00779,Shirley,Rogers,IT,Minneapolis,70873,2021-08-25
EMP00780,Katherine,Harris,Operations,Chicago,61288,2018-10-03
EMP00781,Jerry,Morgan,Legal,New York,99290,2019-09-23
EMP00782,Christine,Watson,Quality Assurance,Denver,83800,2017-05-01
EMP00783,Anthony,Morgan,Procurement,Chicago,58726,2018-06-13
EMP00784,Patricia,Collins,Procurement,Dallas,56482,2016-12-17
EMP00785,Elizabeth,Miller,Marketing,Los Angeles,62616,2020-02-08
EMP00786,Kimberly,Evans,Customer Support,Phoenix,68505,2024-09-17
EMP00787,Kenneth,Williams,Customer Support,Austin,42386,2016-06-02
EMP00788,Dennis,Myers,Product,San Francisco,86757,2023-01-09
EMP00789,Nicholas,Wilson,Finance,Miami,75669,2021-04-25
EMP00790,Ruth,Cruz,Customer Support,Remote,44019,2025-08-18
EMP00791,Christopher,Morgan,Human Resources,Seattle,77624,2021-08-13
EMP00792,Samantha,Jackson,Finance,Portland,70730,2018-03-04
EMP00793,Jessica,Garcia,Engineering,Remote,90578,2021-11-01
EMP00794,Anthony,Myers,Procurement,Portland,67876,2024-04-03
EMP00795,Samuel,Rogers,Marketing,Boston,70058,2019-12-14
EMP00796,Brandon,Allen,Human Resources,Austin,63885,2016-03-21
EMP00797,Dennis,Peterson,IT,Chicago,87048,2016-07-05
EMP00798,Steven,Gonzalez,Human Resources,Minneapolis,73682,2023-01-04
EMP00799,Thomas,Bennett,Research & Development,Atlanta,94556,2021-05-24
EMP00800,Emma,Rodriguez,Human Resources,Dallas,83841,2025-02-08
EMP00801,Kevin,Ward,Research & Development,Miami,97987,2023-03-05
EMP00802,Kenneth,Diaz,Marketing,New York,78526,2020-07-09
EMP00803,Mark,Alvarez,Procurement,Chicago,72132,2023-01-23
EMP00804,Sarah,Gray,Procurement,Dallas,85454,2025-05-19
EMP00805,Laura,Rivera,Quality Assurance,Miami,87914,2017-06-10
EMP00806,Daniel,Chavez,Product,Chicago,100390,2018-02-20
EMP00807,Jonathan,Sanchez,Finance,Chicago,74941,2015-06-02
EMP00808,Nicholas,Watson,Engineering,Remote,98943,2015-10-28
EMP00809,Stephen,King,Legal,Minneapolis,104740,2023-03-16
EMP00810,Ronald,Lewis,Quality Assurance,Miami,64774,2025-06-03
EMP00811,Nicholas,Rogers,Sales,Remote,83846,2026-04-06
EMP00812,Mary,James,Human Resources,Boston,85694,2018-02-23
EMP00813,Laura,Lee,Marketing,Seattle,89686,2023-01-18
EMP00814,Jennifer,Lewis,Quality Assurance,Minneapolis,71187,2016-05-29
EMP00815,Kimberly,Mitchell,Human Resources,San Francisco,65551,2026-08-13
EMP00816,George,Roberts,IT,Phoenix,71043,2015-11-23
EMP00817,Katherine,Adams,Sales,Los Angeles,77256,2018-11-25
EMP00818,Timothy,Wood,Customer Support,Portland,47101,2026-08-03
EMP00819,Steven,Carter,Human Resources,Remote,75127,2022-09-27
EMP00820,Gary,Morris,Product,New York,114888,2018-02-12
EMP00821,Jeffrey,Perez,Human Resources,Chicago,85720,2021-04-19
EMP00822,Margaret,Martin,Marketing,Boston,81738,2017-08-27
EMP00823,Gregory,Robinson,Customer Support,Dallas,49427,2025-10-19
EMP00824,Alexander,Morris,IT,Denver,78567,2024-03-20
EMP00825,John,Young,Engineering,Seattle,95559,2018-01-08
EMP00826,Benjamin,Rogers,Engineering,Seattle,88664,2018-09-24
EMP00827,Kimberly,White,Legal,Remote,96220,2021-05-11
EMP00828,David,Ramirez,IT,Minneapolis,99566,2018-10-29
EMP00829,Mark,Evans,Product,Seattle,93919,2026-06-16
EMP00830,Kimberly,Perez,Procurement,Dallas,83718,2016-07-17
EMP00831,Sandra,Carter,Customer Support,Seattle,49115,2015-05-16
EMP00832,Betty,Gutierrez,Legal,Chicago,104801,2017-02-27
EMP00833,Daniel,Stewart,Product,San Francisco,116827,2026-04-16
EMP00834,Dennis,Thomas,Sales,Minneapolis,68541,2015-01-10
EMP00835,Maria,Gray,Research & Development,Chicago,122212,2024-06-08
EMP00836,Melissa,Garcia,Procurement,Chicago,69039,2025-10-24
EMP00837,Jerry,Carter,Operations,Austin,82884,2018-01-01
EMP00838,Steven,Morris,Quality Assurance,Atlanta,61493,2021-05-09
EMP00839,Scott,Cooper,Customer Support,Los Angeles,54387,2015-02-14
EMP00840,Patrick,Myers,Quality Assurance,New York,90245,2017-08-23
EMP00841,Eric,Smith,Customer Support,Denver,62702,2024-03-03
EMP00842,George,Wilson,Marketing,Chicago,74622,2020-11-10
EMP00843,Jonathan,Diaz,Product,Portland,100059,2023-11-30
EMP00844,Dennis,Clark,Customer Support,Minneapolis,53712,2023-04-21
EMP00845,Anna,Bailey,IT,Los Angeles,88096,2022-09-21
EMP00846,Maria,Price,Customer Support,Seattle,49804,2020-02-26
EMP00847,Laura,Hughes,Marketing,Austin,72054,2026-05-27
EMP00848,Stephanie,Baker,Quality Assurance,San Francisco,66534,2023-09-23
EMP00849,Samantha,Smith,Quality Assurance,Chicago,65524,2025-07-30
EMP00850,Scott,Parker,Sales,Chicago,77241,2019-12-22
EMP00851,Melissa,Hernandez,Product,San Francisco,107187,2023-12-27
EMP00852,Brandon,Wood,Legal,Miami,98765,2018-12-06
EMP00853,Samantha,Murphy,IT,New York,81219,2026-08-15
EMP00854,Andrew,Harris,Engineering,Atlanta,96107,2015-10-23
EMP00855,George,Walker,Research & Development,New York,98318,2016-12-12
EMP00856,Emily,Jimenez,Customer Support,Portland,67896,2024-02-04
EMP00857,Pamela,Sanchez,Legal,New York,99496,2017-01-08
EMP00858,Stephen,Torres,Procurement,Portland,76772,2021-03-15
EMP00859,Mark,Cox,Human Resources,Phoenix,78473,2015-02-08
EMP00860,Kimberly,Thompson,Customer Support,Austin,46743,2026-04-14
EMP00861,Donna,Baker,Sales,Los Angeles,76393,2024-12-06
EMP00862,Timothy,Reed,IT,Atlanta,90260,2025-04-16
EMP00863,Debra,Collins,Product,New York,113586,2017-08-10
EMP00864,Kimberly,Rodriguez,Customer Support,Atlanta,57068,2022-01-30
EMP00865,Edward,Rivera,Legal,New York,112258,2020-07-26
EMP00866,Andrew,Lopez,Customer Support,Dallas,46982,2019-01-02
EMP00867,Jacob,Green,Operations,Denver,72634,2019-02-06
EMP00868,Janet,Mendoza,Human Resources,Minneapolis,65085,2020-04-07
EMP00869,Jack,Walker,Finance,Denver,85021,2019-07-20
EMP00870,Ashley,Richardson,Operations,Seattle,61991,2017-09-09
EMP00871,David,Gray,Research & Development,Minneapolis,88434,2015-12-13
EMP00872,Kathleen,Mitchell,Product,Dallas,114266,2021-02-28
EMP00873,Gary,White,Quality Assurance,Los Angeles,82075,2019-12-25
EMP00874,Dennis,Kelly,Marketing,San Francisco,92454,2024-06-28
EMP00875,Kathleen,Cooper,Engineering,Portland,110802,2018-12-02
EMP00876,Ryan,Thomas,Procurement,Phoenix,74686,2015-03-10
EMP00877,Mary,Gray,Human Resources,Remote,58602,2022-04-19
EMP00878,George,Ward,Finance,Boston,87226,2020-04-26
EMP00879,Paul,Stewart,Product,Dallas,105981,2019-02-15
EMP00880,Amy,Diaz,Human Resources,Chicago,76399,2023-03-10
EMP00881,Stephanie,Scott,IT,Boston,76594,2020-02-16
EMP00882,Richard,Castillo,Finance,Atlanta,98325,2023-07-18
EMP00883,Betty,Jackson,Quality Assurance,Seattle,86997,2015-03-21
EMP00884,Daniel,Turner,IT,Seattle,101882,2022-01-30
EMP00885,Gary,Hill,Finance,San Francisco,96109,2017-03-21
EMP00886,Frank,Lee,Engineering,Denver,101665,2025-09-08
EMP00887,Benjamin,Gonzalez,IT,Dallas,85024,2023-02-05
EMP00888,George,Bailey,Legal,Los Angeles,117553,2015-06-12
EMP00889,Edward,Thomas,Operations,Denver,66438,2021-05-20
EMP00890,Amanda,Adams,Research & Development,Minneapolis,117290,2016-10-04
EMP00891,Timothy,Ward,Finance,Phoenix,79492,2018-10-04
EMP00892,Samantha,Baker,Customer Support,Remote,46675,2016-10-10
EMP00893,Christopher,Baker,Human Resources,Dallas,72766,2021-07-14
EMP00894,Patrick,Wright,Product,Remote,99776,2024-12-23
EMP00895,Maria,Campbell,Procurement,Phoenix,81131,2018-10-02
EMP00896,Lisa,Williams,Marketing,Atlanta,74491,2016-10-17
EMP00897,Anthony,Perez,Customer Support,Austin,48262,2016-06-06
EMP00898,Jacob,Peterson,Engineering,New York,111018,2016-11-12
EMP00899,Susan,King,Product,Seattle,87525,2023-09-29
EMP00900,Michelle,Robinson,Human Resources,Miami,81042,2017-11-01
EMP00901,Thomas,Ortiz,Marketing,New York,60303,2023-01-02
EMP00902,Dorothy,Stewart,IT,Los Angeles,97153,2018-01-11
EMP00903,Rachel,Cooper,Marketing,Phoenix,86506,2021-12-11
EMP00904,Brian,Morris,Legal,Atlanta,100869,2024-11-28
EMP00905,Michelle,Campbell,Customer Support,Los Angeles,52205,2021-10-22
EMP00906,Mary,Smith,Legal,Seattle,117536,2021-06-07
EMP00907,Jacob,Morgan,Engineering,Minneapolis,116265,2021-09-20
EMP00908,Mary,Foster,Customer Support,Miami,57152,2015-03-01
EMP00909,Stephen,Mitchell,Human Resources,Chicago,80646,2023-11-08
EMP00910,Ashley,Lee,Procurement,Remote,78796,2019-12-13
EMP00911,Kimberly,Hernandez,Customer Support,Atlanta,75856,2021-02-05
EMP00912,Andrew,Wood,Procurement,Los Angeles,81060,2019-03-21
EMP00913,William,White,Marketing,Miami,65232,2025-03-19
EMP00914,Emma,Edwards,Finance,Minneapolis,82306,2022-03-11
EMP00915,John,Martin,Engineering,New York,97185,2017-04-17
EMP00916,Andrew,Wright,Marketing,Phoenix,58537,2020-03-22
EMP00917,Barbara,Martin,Engineering,Minneapolis,99233,2022-09-01
EMP00918,Rebecca,Flores,Quality Assurance,Minneapolis,80339,2025-05-26
EMP00919,Rachel,Jones,Operations,Chicago,64574,2016-04-04
EMP00920,Paul,Jimenez,Customer Support,Chicago,72811,2019-01-27
EMP00921,Matthew,Allen,Customer Support,New York,49992,2020-08-01
EMP00922,Deborah,Foster,IT,Atlanta,70196,2019-06-20
EMP00923,Ryan,Patel,Quality Assurance,Austin,90153,2019-09-04
EMP00924,Jacob,Roberts,Research & Development,Miami,109172,2018-07-23
EMP00925,Benjamin,Sanders,Engineering,Austin,101601,2025-10-17
EMP00926,Samantha,Hill,Human Resources,Portland,55413,2019-11-20
EMP00927,Joseph,Walker,Research & Development,Chicago,109267,2015-05-04
EMP00928,Nancy,Scott,Product,Austin,107939,2020-06-14
EMP00929,Mary,Garcia,Product,Minneapolis,92157,2023-05-01
EMP00930,Jerry,Lopez,Human Resources,Boston,84762,2017-01-18
EMP00931,Debra,Richardson,Operations,San Francisco,58917,2022-12-22
EMP00932,Samuel,Martin,Procurement,Austin,62246,2025-12-10
EMP00933,Sandra,Green,Legal,Portland,123751,2019-04-30
EMP00934,John,Ruiz,Customer Support,Portland,50829,2020-08-15
EMP00935,Jennifer,Morales,Procurement,Phoenix,73314,2025-12-28
EMP00936,Matthew,Reed,Marketing,Portland,79212,2025-07-04
EMP00937,Emily,Kim,Legal,Boston,99513,2018-06-23
EMP00938,Laura,Nguyen,Finance,Portland,99758,2015-01-06
EMP00939,Maria,Brooks,Legal,Remote,107159,2015-06-03
EMP00940,Emma,Campbell,Quality Assurance,Atlanta,77017,2016-06-02
EMP00941,Gregory,Morgan,Customer Support,Denver,76345,2026-02-27
EMP00942,Jerry,Peterson,Marketing,Miami,79141,2024-03-11
EMP00943,Samuel,Adams,Sales,Austin,94288,2016-06-30
EMP00944,Jennifer,Taylor,Marketing,San Francisco,71243,2017-05-26
EMP00945,Gary,Harris,Sales,San Francisco,85467,2025-12-27
EMP00946,Angela,Richardson,Procurement,Los Angeles,57216,2023-03-21
EMP00947,Mark,Cox,Procurement,Chicago,54857,2019-09-06
EMP00948,Katherine,Morales,Sales,Phoenix,63978,2023-02-04
EMP00949,Anna,Myers,Customer Support,Portland,45820,2020-12-17
EMP00950,Angela,Garcia,Procurement,Chicago,73916,2016-09-30
EMP00951,Margaret,Gutierrez,Sales,Austin,75139,2023-08-23
EMP00952,Matthew,Harris,Legal,Atlanta,106724,2024-04-24
EMP00953,Janet,Wilson,Quality Assurance,Portland,86062,2024-07-30
EMP00954,Susan,Perez,Quality Assurance,Boston,82316,2026-04-27
EMP00955,Carol,James,Marketing,Phoenix,81089,2022-01-25
EMP00956,Stephen,Adams,Operations,Chicago,83219,2022-04-03
EMP00957,Nicole,Walker,Product,Denver,106580,2020-09-12
EMP00958,George,Edwards,IT,Remote,68012,2015-10-11
EMP00959,Andrew,Kim,Engineering,Seattle,104781,2015-02-23
EMP00960,Joshua,Lewis,Human Resources,Dallas,53422,2021-03-10
EMP00961,Stephen,Rogers,Legal,Seattle,101179,2015-11-06
EMP00962,Ryan,Rivera,Marketing,Seattle,75366,2023-03-27
EMP00963,Justin,Young,Human Resources,Los Angeles,71680,2017-01-22
EMP00964,Brenda,Phillips,Product,Denver,87059,2022-04-13
EMP00965,Kathleen,Thompson,IT,Austin,87686,2015-11-03
EMP00966,Carolyn,Kelly,Customer Support,Chicago,45664,2022-07-02
EMP00967,Brian,Parker,Customer Support,Austin,56858,2015-04-04
EMP00968,Samantha,Jimenez,Research & Development,Remote,91547,2021-11-01
EMP00969,Angela,Garcia,Operations,Seattle,76419,2026-04-08
EMP00970,Rachel,Lewis,Marketing,San Francisco,83747,2024-12-29
EMP00971,Dennis,Kim,Product,Chicago,96554,2024-09-08
EMP00972,Donna,Gomez,Marketing,Seattle,80031,2016-11-07
EMP00973,Jacob,Kelly,Procurement,San Francisco,80161,2020-11-20
EMP00974,David,Phillips,Legal,Chicago,103544,2018-01-09
EMP00975,Kathleen,Bailey,Human Resources,Minneapolis,77907,2019-05-26
EMP00976,Anna,Ward,Procurement,Atlanta,69880,2016-08-09
EMP00977,Paul,Jimenez,Customer Support,Dallas,47871,2017-07-10
EMP00978,Christine,Evans,Customer Support,Portland,64826,2019-04-10
EMP00979,Dorothy,Hall,Product,New York,101976,2018-10-18
EMP00980,Brian,Ward,Quality Assurance,Phoenix,65556,2024-11-17
EMP00981,Jennifer,Robinson,Human Resources,Portland,62223,2016-12-03
EMP00982,Joseph,Patel,Engineering,Atlanta,94678,2021-06-14
EMP00983,Mary,Baker,Procurement,Austin,73996,2025-02-03
EMP00984,Jacob,Williams,Operations,Denver,68885,2019-07-28
EMP00985,Helen,Gutierrez,Quality Assurance,Los Angeles,87655,2018-03-03
EMP00986,Frank,Hughes,Research & Development,New York,112681,2015-12-23
EMP00987,Steven,Perez,Engineering,Miami,98152,2021-01-31
EMP00988,Michael,Reyes,Research & Development,New York,92364,2023-09-19
EMP00989,Gregory,Wright,Research & Development,Portland,95070,2015-06-06
EMP00990,Donna,Wood,Customer Support,Atlanta,66949,2026-05-28
EMP00991,Patrick,Gonzalez,Operations,Minneapolis,89836,2016-12-22
EMP00992,Lisa,Sanchez,Legal,Phoenix,96408,2015-11-22
EMP00993,Ashley,Ortiz,Finance,Dallas,102108,2023-10-28
EMP00994,Janet,Lee,Engineering,Portland,108062,2022-12-21
EMP00995,Benjamin,Hill,Human Resources,Los Angeles,56063,2020-10-11
EMP00996,Deborah,Brown,Legal,Los Angeles,109783,2018-05-27
EMP00997,Carol,Gomez,Research & Development,Seattle,93753,2023-07-29
EMP00998,Eric,Gray,Product,Atlanta,109350,2020-05-23
EMP00999,Brenda,Martin,Customer Support,Miami,63580,2025-01-27
EMP01000,Helen,Taylor,Human Resources,Seattle,65258,2018-02-05
